date,phosphate
YYYY-MM-DD,uM
2020-10-13,0.0
2020-10-21,0.0
2020-10-28,0.0
2020-11-03,0.0
2020-11-11,0.0
2020-11-17,0.0
2020-11-25,0.0
2020-12-03,0.0
2020-12-09,0.0
2020-12-16,0.0
2020-12-26,0.0
2020-12-31,0.08
2021-01-07,0.0
2021-01-14,0.0
2021-01-21,0.0
2021-01-28,0.0
2021-02-07,0.0
2021-02-11,0.0
2021-02-19,0.0
2021-02-27,0.0
2021-03-05,0.0
2021-03-12,0.0
2021-03-19,0.0
2021-03-26,0.0
2021-04-03,0.0
2021-04-09,0.0
2021-04-16,0.0
2021-04-30,0.0
2021-05-19,0.0
2021-05-31,0.0
2021-06-02,0.0
2021-06-09,0.0
2021-06-16,0.0
2021-06-23,0.0
2021-06-30,0.0
2021-07-07,0.0
2021-07-14,0.0
2021-07-21,0.0
2021-07-28,0.0
2021-08-04,0.0
2021-08-11,0.0
2021-08-18,0.0
2021-09-01,0.0
2021-09-08,0.0
2021-09-15,0.0
2021-09-22,0.0
2021-09-29,0.36
2021-10-06,0.0
2021-10-13,0.0
2021-10-20,0.0
2021-10-27,0.0
2021-11-03,0.0
2021-11-10,0.0
2021-11-17,0.0
2021-11-24,0.0
2021-12-01,0.0
2021-12-08,0.0
2021-12-16,0.11
2021-12-24,0.0
2022-01-04,0.0
2022-01-11,0.0
2022-01-20,0.0
2022-01-27,0.0
2022-02-03,0.0
2022-02-10,0.0
2022-02-17,1.32
2022-02-25,0.0
2022-03-03,0.0
2022-03-09,0.0
