date,copper
YYYY-MM-DD,ppb
2014-12-07,0.5174
2015-02-07,0.27575
2015-02-19,0.577
2015-03-16,1.00002
2015-04-19,2.22468
2015-05-02,0.53612
2015-05-11,5.21462
2015-05-24,0.32592000000000004
2015-06-02,0.46077
2015-06-18,0.34761
2015-07-02,0.36322
2015-07-15,0.25115
2015-08-02,0.61667
2015-08-09,0.5267000000000001
2015-10-04,0.25112
2015-10-13,0.20728
2015-10-26,0.30752
2015-11-09,0.25881
2015-11-23,0.23817000000000002
2015-12-09,0.34320000000000006
2015-12-30,0.27166
2016-01-08,0.21968000000000001
2016-01-18,0.2607
2016-01-28,0.17031000000000002
2016-02-12,0.15893000000000002
2016-02-21,0.15649
2016-03-09,0.22079000000000001
2016-03-24,0.22044000000000002
2016-03-31,0.17824
2016-04-08,0.67508
2016-04-21,0.213
2016-05-02,3.3535225504
2016-05-12,0.9600899907
2016-05-20,0.9510026388
2016-05-27,1.8669736512
2016-06-04,1.5917592768
2016-06-11,1.4706811000000002
2016-06-17,0.5647599999999999
2016-06-27,0.23298
2016-07-08,0.46801000000000004
2016-07-15,0.23273
2016-07-22,0.09292999999999998
2016-07-29,0.066
2016-08-05,0.22682999999999998
2016-08-12,0.36876
2016-08-19,0.20140000000000002
2016-08-26,0.2101
2016-08-27,1.1336499999999998
2016-09-02,0.9182
2016-09-09,0.0
2016-09-16,0.0
2016-09-23,1.15387
2016-09-30,0.0
2016-10-12,2.5136399999999997
2016-10-19,0.46836
2016-10-27,0.44176
2016-11-03,1.65818
2016-11-12,0.48463
2016-11-23,0.40629
2016-12-04,0.47812
2016-12-19,0.60939
2017-02-01,2.98269
2017-03-19,0.015349999999999999
2017-04-12,0.7593300000000001
2017-04-30,0.23625000000000002
2017-05-11,0.33639
2017-05-30,0.28930999999999996
2017-06-15,0.0
2017-06-24,0.56635
2017-06-30,0.05327
2017-07-13,0.31868
2017-07-30,0.54825
2017-08-25,0.16759
2017-09-14,0.32041
2017-09-27,0.10399
2017-10-14,0.51692
2017-10-23,0.7130799999999999
2017-11-03,0.29286
2017-11-16,17.734479999999998
2017-12-19,0.7955099999999999
2018-01-06,1.02789
2018-01-26,0.75984
2018-03-03,12.01899
2018-03-04,0.44953
2018-03-17,85.44202999999999
2018-05-07,0.8353900000000001
2018-05-25,0.51741
2018-06-08,0.83005
2018-06-15,0.78135
2018-06-25,0.47246999999999995
2018-07-11,0.36991999999999997
2018-07-15,0.67465
2018-08-10,0.42340999999999995
2018-08-17,0.17074
2018-08-24,0.52151
2018-09-07,0.74154
2018-09-14,1.32827
2018-09-21,4.0638000000000005
2018-10-05,1.24375
2018-10-12,0.6314799999999999
2018-10-18,0.58787
2018-10-25,0.5909099999999999
2018-11-02,0.53882
2018-11-10,0.9859
2018-11-17,0.7241200000000001
2019-03-18,0.44617999999999997
2019-03-30,2.62213
2019-04-18,0.66328
2019-05-02,0.8799899999999999
2019-05-08,1.82417
2019-05-31,1.7086599999999998
2019-06-05,1.87585
2019-06-11,1.3797499999999998
2019-06-21,1.99601
2019-06-27,3.65332
2019-07-05,0.5059400000000001
2019-07-14,3.45631
2019-07-19,1.2472400000000001
2019-07-26,3.46908
2019-08-02,1.23365
2019-08-09,0.43485
2019-08-16,0.21808999999999998
2019-08-23,0.11416000000000001
2019-08-30,18.32303
2019-09-06,31.23747
2019-09-13,0.37507
2019-09-20,0.20212000000000002
2019-09-27,0.44401999999999997
2019-10-04,0.50173
2019-10-11,0.94059
2019-10-19,0.6657299999999999
2019-10-25,0.95137
2019-11-03,0.72743
2019-11-08,0.66216
2019-11-15,0.82635
2019-11-22,0.77318
2019-12-04,0.68384
2019-12-12,0.52377
2019-12-20,1.07899
2020-01-08,0.9066399999999999
2020-01-15,0.9930300000000001
2020-01-21,0.92802
2020-01-28,1.5143400000000002
2020-02-11,0.63283
2020-02-20,0.44872
2020-03-01,0.11727
2020-03-11,0.75824
2020-03-17,0.0
2020-04-01,0.06989000000000001
2020-04-09,0.20337
2020-04-14,0.09480000000000001
2020-04-24,0.83084
2020-04-28,0.08807999999999999
2020-05-14,0.03766
2020-05-22,0.08987999999999999
2020-05-29,0.1824
2020-06-05,0.0
2020-06-12,0.0
2020-06-19,0.0
2020-06-26,0.75098
2020-07-02,1.17741
2020-07-10,0.0232
2020-07-17,1.8013299999999999
2020-07-23,0.12739
2020-07-30,1.07745
2020-08-07,0.028050000000000002
2020-08-14,0.8805499999999999
2020-08-20,0.71211
2020-08-27,0.6870700000000001
2020-09-03,1.14982
2020-09-11,1.9711999999999998
2020-09-18,0.7090399999999999
2020-09-24,3.62157
2020-10-01,1.32602
2020-10-08,0.7643800000000001
2020-10-16,2.38685
2020-10-23,2.17645
2020-10-27,0.99949
2020-11-06,0.92009
2020-11-13,0.3392
2020-11-20,0.6913
2020-12-04,1.04527
2020-12-31,1.91255
2021-01-08,0.43067
2021-01-15,0.6783899999999999
2021-01-21,1.92832
2021-01-28,11.000259999999999
2021-02-05,15.055119999999999
2021-02-11,10.17117
2021-02-17,12.440990000000001
2021-02-25,21.11797
2021-03-03,18.99578
2021-03-10,12.174700000000001
2021-03-19,12.228079999999999
2021-03-25,7.30809
2021-03-30,1.4472
2021-04-07,2.53145
2021-04-14,11.25882
2021-05-17,0.64345
2021-05-28,0.40372
2021-06-04,0.77286
2021-06-11,1.42165
2021-06-18,0.9944600000000001
2021-06-24,15.160359999999999
2021-07-02,1.4118
2021-07-09,0.4095
2021-07-15,16.61983
2021-07-23,0.2698
2021-07-30,1.19611
2021-08-06,0.15916
2021-08-13,1.1494728
2021-08-19,0.8346796
2021-08-27,32.8158984
2021-09-03,1.0577385000000001
2021-10-01,0.5237566
2021-10-07,0.22662729999999998
2021-10-22,5.17297
2021-10-27,0.5055748999999999
2021-11-03,0.484861
2021-11-11,1.4388602000000001
2021-12-20,0.8020963000000001
2022-10-15,0.7635628
